,alpha,time
0,0.01,29.940448200000002
1,0.1,28.765240499999997
2,1.0,17.361631699999997
3,10.0,7.4953437000000065
