,alpha,time
0,0.01,23.396099800000002
1,0.1,22.515118499999996
2,1.0,13.470653599999999
3,10.0,6.087231400000007
